{
  "7b5e5cd6-a14c-4529-8147-64d0f4d719a2": {
    "asset": 1669189334686,
    "meta": 1669295080779,
    "relativePath": "script"
  },
  "7eecafe6-3905-4bdc-99e2-dd76cf8f3c19": {
    "asset": 1669301225973,
    "meta": 1669301225986,
    "relativePath": "main.fire"
  },
  "bfde92d7-ca86-4b16-8e4a-eb7e7e19d84b": {
    "asset": 1669295900694,
    "meta": 1669298603252,
    "relativePath": "resources"
  },
  "5b1d3286-5b96-4b85-a353-c56a9df4e080": {
    "asset": 1669125175577,
    "meta": 1669184730194,
    "relativePath": "resources\\switch"
  },
  "9836134e-b892-4283-b6b2-78b5acf3ed45": {
    "asset": 1668324410356,
    "meta": 1669120659572,
    "relativePath": "effects"
  },
  "abc2cb62-7852-4525-a90d-d474487b88f2": {
    "asset": 1668324410340,
    "meta": 1669120659643,
    "relativePath": "effects\\builtin-phong.effect"
  },
  "e2f00085-c597-422d-9759-52c360279106": {
    "asset": 1668324410343,
    "meta": 1669120659691,
    "relativePath": "effects\\builtin-toon.effect"
  },
  "430eccbf-bf2c-4e6e-8c0c-884bbb487f32": {
    "asset": 1668324410348,
    "meta": 1669120659705,
    "relativePath": "effects\\__builtin-editor-gizmo-line.effect"
  },
  "6c5cf6e1-b044-4eac-9431-835644d57381": {
    "asset": 1668324410350,
    "meta": 1669120659714,
    "relativePath": "effects\\__builtin-editor-gizmo-unlit.effect"
  },
  "115286d1-2e10-49ee-aab4-341583f607e8": {
    "asset": 1668324410355,
    "meta": 1669120659733,
    "relativePath": "effects\\__builtin-editor-gizmo.effect"
  },
  "f8e6b000-5643-4b86-9080-aa680ce1f599": {
    "asset": 1668324410395,
    "meta": 1669120659734,
    "relativePath": "image"
  },
  "b43ff3c2-02bb-4874-81f7-f2dea6970f18": {
    "asset": 1668324410364,
    "meta": 1669120659786,
    "relativePath": "image\\default_btn_pressed.png"
  },
  "edd215b9-2796-4a05-aaf5-81f96c9281ce": {
    "asset": 1668324410366,
    "meta": 1669120659789,
    "relativePath": "image\\default_editbox_bg.png"
  },
  "71561142-4c83-4933-afca-cb7a17f67053": {
    "asset": 1668324410359,
    "meta": 1669120659798,
    "relativePath": "image\\default_btn_disabled.png"
  },
  "e851e89b-faa2-4484-bea6-5c01dd9f06e2": {
    "asset": 1668324410362,
    "meta": 1669120659801,
    "relativePath": "image\\default_btn_normal.png"
  },
  "5c3eedba-6c41-4c0c-9ba7-d91f813cbd1c": {
    "asset": 1668324410399,
    "meta": 1669120659821,
    "relativePath": "materials"
  },
  "cfef78f1-c8df-49b7-8ed0-4c953ace2621": {
    "asset": 1668324410369,
    "meta": 1669120659804,
    "relativePath": "image\\default_progressbar.png"
  },
  "fc09f9bd-2cce-4605-b630-8145ef809ed6": {
    "asset": 1668324410404,
    "meta": 1669120659825,
    "relativePath": "misc"
  },
  "600301aa-3357-4a10-b086-84f011fa32ba": {
    "asset": 1668324410358,
    "meta": 1669120659807,
    "relativePath": "image\\default-particle.png"
  },
  "d81ec8ad-247c-4e62-aa3c-d35c4193c7af": {
    "asset": 1668324410367,
    "meta": 1669120659813,
    "relativePath": "image\\default_panel.png"
  },
  "db019bf7-f71c-4111-98cf-918ea180cb48": {
    "asset": 1668324410426,
    "meta": 1669120659830,
    "relativePath": "model"
  },
  "567dcd80-8bf4-4535-8a5a-313f1caf078a": {
    "asset": 1668324410372,
    "meta": 1669120659815,
    "relativePath": "image\\default_radio_button_off.png"
  },
  "e39e96e6-6f6e-413f-bcf1-ac7679bb648a": {
    "asset": 1668324410421,
    "meta": 1669120659833,
    "relativePath": "model\\prefab"
  },
  "99170b0b-d210-46f1-b213-7d9e3f23098a": {
    "asset": 1668324410370,
    "meta": 1669120659818,
    "relativePath": "image\\default_progressbar_bg.png"
  },
  "c4480a0a-6ac5-443f-8b40-361a14257fc8": {
    "asset": 1668324410398,
    "meta": 1669120660218,
    "relativePath": "materials\\builtin-phong.mtl"
  },
  "a87cc147-01b2-43f8-8e42-a7ca90b0c757": {
    "asset": 1668324410408,
    "meta": 1669120659846,
    "relativePath": "model\\prefab\\box.prefab"
  },
  "fe1417b6-fe6b-46a4-ae7c-9fd331f33a2a": {
    "asset": 1668324410410,
    "meta": 1669120659851,
    "relativePath": "model\\prefab\\capsule.prefab"
  },
  "9d60001f-b5f4-4726-a629-2659e3ded0b8": {
    "asset": 1668324410374,
    "meta": 1669120659823,
    "relativePath": "image\\default_radio_button_on.png"
  },
  "b5fc2cf2-7942-483d-be1f-bbeadc4714ad": {
    "asset": 1668324410412,
    "meta": 1669120659863,
    "relativePath": "model\\prefab\\cone.prefab"
  },
  "4bab67cb-18e6-4099-b840-355f0473f890": {
    "asset": 1668324410378,
    "meta": 1669120659829,
    "relativePath": "image\\default_scrollbar_bg.png"
  },
  "0291c134-b3da-4098-b7b5-e397edbe947f": {
    "asset": 1668324410376,
    "meta": 1669120659831,
    "relativePath": "image\\default_scrollbar.png"
  },
  "f6e6dd15-71d1-4ffe-ace7-24fd39942c05": {
    "asset": 1668324410430,
    "meta": 1669120659880,
    "relativePath": "obsolete"
  },
  "0275e94c-56a7-410f-bd1a-fc7483f7d14a": {
    "asset": 1668324410385,
    "meta": 1669120659868,
    "relativePath": "image\\default_sprite_splash.png"
  },
  "f743d2b6-b7ea-4c14-a55b-547ed4d0a045": {
    "asset": 1668324410437,
    "meta": 1669120659885,
    "relativePath": "particle"
  },
  "1c5e4038-953a-44c2-b620-0bbfc6170477": {
    "asset": 1668324410414,
    "meta": 1669120659887,
    "relativePath": "model\\prefab\\cylinder.prefab"
  },
  "d6d3ca85-4681-47c1-b5dd-d036a9d39ea2": {
    "asset": 1668324410380,
    "meta": 1669120659870,
    "relativePath": "image\\default_scrollbar_vertical.png"
  },
  "ae6c6c98-11e4-452f-8758-75f5c6a56e83": {
    "asset": 1668324410494,
    "meta": 1669120659889,
    "relativePath": "prefab"
  },
  "617323dd-11f4-4dd3-8eec-0caf6b3b45b9": {
    "asset": 1668324410381,
    "meta": 1669120659875,
    "relativePath": "image\\default_scrollbar_vertical_bg.png"
  },
  "73a0903d-d80e-4e3c-aa67-f999543c08f5": {
    "asset": 1668324410387,
    "meta": 1669120659878,
    "relativePath": "image\\default_toggle_checkmark.png"
  },
  "6e056173-d285-473c-b206-40a7fff5386e": {
    "asset": 1668324410383,
    "meta": 1669120659883,
    "relativePath": "image\\default_sprite.png"
  },
  "3f376125-a699-40ca-ad05-04d662eaa1f2": {
    "asset": 1668324410416,
    "meta": 1669120659897,
    "relativePath": "model\\prefab\\plane.prefab"
  },
  "6c9ef10d-b479-420b-bfe6-39cdda6a8ae0": {
    "asset": 1668324410417,
    "meta": 1669120659899,
    "relativePath": "model\\prefab\\quad.prefab"
  },
  "2be36297-9abb-4fee-8049-9ed5e271da8a": {
    "asset": 1668324410403,
    "meta": 1669120659900,
    "relativePath": "misc\\default_video.mp4"
  },
  "2d9a4b85-b0ab-4c46-84c5-18f393ab2058": {
    "asset": 1668324410419,
    "meta": 1669120659903,
    "relativePath": "model\\prefab\\sphere.prefab"
  },
  "d29077ba-1627-4a72-9579-7b56a235340c": {
    "asset": 1668324410392,
    "meta": 1669120659891,
    "relativePath": "image\\default_toggle_normal.png"
  },
  "de510076-056b-484f-b94c-83bef217d0e1": {
    "asset": 1668324410421,
    "meta": 1669120659905,
    "relativePath": "model\\prefab\\torus.prefab"
  },
  "897ef7a1-4860-4f64-968d-f5924b18668a": {
    "asset": 1668324410440,
    "meta": 1669120659907,
    "relativePath": "prefab\\2d-camera.prefab"
  },
  "b181c1e4-0a72-4a91-bfb0-ae6f36ca60bd": {
    "asset": 1668324410394,
    "meta": 1669120659892,
    "relativePath": "image\\default_toggle_pressed.png"
  },
  "a3ee0214-b432-4865-9666-4a3211814282": {
    "asset": 1668324410465,
    "meta": 1669120659908,
    "relativePath": "prefab\\light"
  },
  "70d7cdb0-04cd-41bb-9480-c06a4785f386": {
    "asset": 1668324410442,
    "meta": 1669120659910,
    "relativePath": "prefab\\3d-camera.prefab"
  },
  "c25b9d50-c8fc-4d27-beeb-6e7c1f2e5c0f": {
    "asset": 1668324410389,
    "meta": 1669120659894,
    "relativePath": "image\\default_toggle_disabled.png"
  },
  "70bbeb73-6dc2-4ee4-8faf-76b3a0e34ec4": {
    "asset": 1668324410444,
    "meta": 1669120659912,
    "relativePath": "prefab\\3d-particle.prefab"
  },
  "ed88f13d-fcad-4848-aa35-65a2cb973584": {
    "asset": 1668324410446,
    "meta": 1669120659914,
    "relativePath": "prefab\\3d-stage.prefab"
  },
  "972b9a4d-47ee-4c74-b5c3-61d8a69bc29f": {
    "asset": 1668324410447,
    "meta": 1669120659917,
    "relativePath": "prefab\\button.prefab"
  },
  "2c937608-2562-40ea-b264-7395df6f0cea": {
    "asset": 1668324410449,
    "meta": 1669120659920,
    "relativePath": "prefab\\canvas.prefab"
  },
  "61aeb05b-3b32-452b-8eed-2b76deeed554": {
    "asset": 1668324410452,
    "meta": 1669120659924,
    "relativePath": "prefab\\editbox.prefab"
  },
  "785a442c-3ceb-45be-a46e-7317f625f3b9": {
    "asset": 1668324410456,
    "meta": 1669120659926,
    "relativePath": "prefab\\layout.prefab"
  },
  "27756ebb-3d33-44b0-9b96-e858fadd4dd4": {
    "asset": 1668324410454,
    "meta": 1669120659928,
    "relativePath": "prefab\\label.prefab"
  },
  "ca8401fe-ad6e-41a8-bd46-8e3e4e9945be": {
    "asset": 1668324410466,
    "meta": 1669120659934,
    "relativePath": "prefab\\pageview.prefab"
  },
  "cd33edea-55f5-46c2-958d-357a01384a36": {
    "asset": 1668324410468,
    "meta": 1669120659936,
    "relativePath": "prefab\\particlesystem.prefab"
  },
  "5965ffac-69da-4b55-bcde-9225d0613c28": {
    "asset": 1668324410471,
    "meta": 1669120659938,
    "relativePath": "prefab\\progressBar.prefab"
  },
  "4a37dd57-78cd-4cec-aad4-f11a73d12b63": {
    "asset": 1668324410473,
    "meta": 1669120659941,
    "relativePath": "prefab\\richtext.prefab"
  },
  "32044bd2-481f-4cf1-a656-e2b2fb1594eb": {
    "asset": 1668324410475,
    "meta": 1669120659943,
    "relativePath": "prefab\\scrollview.prefab"
  },
  "0004d1cf-a0ad-47d8-ab17-34d3db9d35a3": {
    "asset": 1668324410476,
    "meta": 1669120659947,
    "relativePath": "prefab\\slider.prefab"
  },
  "96083d03-c332-4a3f-9386-d03e2d19e8ee": {
    "asset": 1668324410478,
    "meta": 1669120659949,
    "relativePath": "prefab\\sprite.prefab"
  },
  "1f55e3be-b89b-4b79-88de-47fd31018044": {
    "asset": 1668324410480,
    "meta": 1669120659951,
    "relativePath": "prefab\\sprite_splash.prefab"
  },
  "7de03a80-4457-438d-95a7-3e7cdffd6086": {
    "asset": 1668324410482,
    "meta": 1669120659952,
    "relativePath": "prefab\\tiledmap.prefab"
  },
  "0e42ba95-1fa1-46aa-b2cf-143cd1bcee2c": {
    "asset": 1668324410484,
    "meta": 1669120659958,
    "relativePath": "prefab\\tiledtile.prefab"
  },
  "0d784963-d024-4ea6-a7db-03be0ad63010": {
    "asset": 1668324410486,
    "meta": 1669120659960,
    "relativePath": "prefab\\toggle.prefab"
  },
  "d8afc78c-4eac-4a9f-83dd-67bc70344d33": {
    "asset": 1668324410516,
    "meta": 1669120659962,
    "relativePath": "resources"
  },
  "bf0a434c-84dd-4a8e-a08a-7a36f180cc75": {
    "asset": 1668324410488,
    "meta": 1669120659964,
    "relativePath": "prefab\\toggleContainer.prefab"
  },
  "294c1663-4adf-4a1e-a795-53808011a38a": {
    "asset": 1668324410514,
    "meta": 1669120659965,
    "relativePath": "resources\\effects"
  },
  "bbee2217-c261-49bd-a8ce-708d6bcc3500": {
    "asset": 1668324410538,
    "meta": 1669120659966,
    "relativePath": "resources\\materials"
  },
  "30682f87-9f0d-4f17-8a44-72863791461b": {
    "asset": 1668324410498,
    "meta": 1669120659978,
    "relativePath": "resources\\effects\\builtin-2d-graphics.effect"
  },
  "144c3297-af63-49e8-b8ef-1cfa29b3be28": {
    "asset": 1668324410500,
    "meta": 1669120659992,
    "relativePath": "resources\\effects\\builtin-2d-gray-sprite.effect"
  },
  "f18742d7-56d2-4eb5-ae49-2d9d710b37c8": {
    "asset": 1668324410502,
    "meta": 1669120660005,
    "relativePath": "resources\\effects\\builtin-2d-label.effect"
  },
  "d1b8be49-b0a0-435c-83b7-552bed4bbe35": {
    "asset": 1668324410490,
    "meta": 1669120660006,
    "relativePath": "prefab\\toggleGroup.prefab"
  },
  "0e93aeaa-0b53-4e40-b8e0-6268b4e07bd7": {
    "asset": 1668324410504,
    "meta": 1669120660017,
    "relativePath": "resources\\effects\\builtin-2d-spine.effect"
  },
  "232d2782-c4bd-4bb4-9e01-909f03d6d3b9": {
    "asset": 1668324410492,
    "meta": 1669120660018,
    "relativePath": "prefab\\videoplayer.prefab"
  },
  "2874f8dd-416c-4440-81b7-555975426e93": {
    "asset": 1668324410506,
    "meta": 1669120660029,
    "relativePath": "resources\\effects\\builtin-2d-sprite.effect"
  },
  "8a96b965-2dc0-4e03-aa90-3b79cb93b5b4": {
    "asset": 1668324410430,
    "meta": 1669120659980,
    "relativePath": "obsolete\\atom.png"
  },
  "829a282c-b049-4019-bd38-5ace8d8a6417": {
    "asset": 1668324410508,
    "meta": 1669120660100,
    "relativePath": "resources\\effects\\builtin-3d-particle.effect"
  },
  "2a7c0036-e0b3-4fe1-8998-89a54b8a2bec": {
    "asset": 1668324410510,
    "meta": 1669120660124,
    "relativePath": "resources\\effects\\builtin-3d-trail.effect"
  },
  "c0040c95-c57f-49cd-9cbc-12316b73d0d4": {
    "asset": 1668324410512,
    "meta": 1669120660135,
    "relativePath": "resources\\effects\\builtin-clear-stencil.effect"
  },
  "d0a82d39-bede-46c4-b698-c81ff0dedfff": {
    "asset": 1668324410436,
    "meta": 1669120659993,
    "relativePath": "particle\\atom.png"
  },
  "6d91e591-4ce0-465c-809f-610ec95019c6": {
    "asset": 1668324410514,
    "meta": 1669120660149,
    "relativePath": "resources\\effects\\builtin-unlit.effect"
  },
  "61906da3-7003-4bda-9abc-5769c76faee4": {
    "asset": 1668324410459,
    "meta": 1669120660155,
    "relativePath": "prefab\\light\\ambient.prefab"
  },
  "8c5001fd-07ee-4a4b-a8a0-63e15195e94d": {
    "asset": 1668324410494,
    "meta": 1669120660156,
    "relativePath": "prefab\\webview.prefab"
  },
  "ddb99b39-7004-47cd-9705-751905c43c46": {
    "asset": 1668324410461,
    "meta": 1669120660159,
    "relativePath": "prefab\\light\\directional.prefab"
  },
  "0cf30284-9073-46bc-9eba-e62b69dbbff3": {
    "asset": 1668324410463,
    "meta": 1669120660163,
    "relativePath": "prefab\\light\\point.prefab"
  },
  "f5331fd2-bf42-4ee3-a3fd-3e1657600eff": {
    "asset": 1668324410464,
    "meta": 1669120660172,
    "relativePath": "prefab\\light\\spot.prefab"
  },
  "6f801092-0c37-4f30-89ef-c8d960825b36": {
    "asset": 1668324410517,
    "meta": 1669120660275,
    "relativePath": "resources\\materials\\builtin-2d-base.mtl"
  },
  "a153945d-2511-4c14-be7b-05d242f47d57": {
    "asset": 1668324410520,
    "meta": 1669120660276,
    "relativePath": "resources\\materials\\builtin-2d-graphics.mtl"
  },
  "3a7bb79f-32fd-422e-ada2-96f518fed422": {
    "asset": 1668324410522,
    "meta": 1669120660277,
    "relativePath": "resources\\materials\\builtin-2d-gray-sprite.mtl"
  },
  "e02d87d4-e599-4d16-8001-e14891ac6506": {
    "asset": 1668324410524,
    "meta": 1669120660278,
    "relativePath": "resources\\materials\\builtin-2d-label.mtl"
  },
  "7afd064b-113f-480e-b793-8817d19f63c3": {
    "asset": 1668324410526,
    "meta": 1669120660279,
    "relativePath": "resources\\materials\\builtin-2d-spine.mtl"
  },
  "432fa09c-cf03-4cff-a186-982604408a07": {
    "asset": 1668324410530,
    "meta": 1669120660280,
    "relativePath": "resources\\materials\\builtin-3d-particle.mtl"
  },
  "eca5d2f2-8ef6-41c2-bbe6-f9c79d09c432": {
    "asset": 1668324410528,
    "meta": 1669120660281,
    "relativePath": "resources\\materials\\builtin-2d-sprite.mtl"
  },
  "466d4f9b-e5f4-4ea8-85d5-3c6e9a65658a": {
    "asset": 1668324410533,
    "meta": 1669120660282,
    "relativePath": "resources\\materials\\builtin-3d-trail.mtl"
  },
  "cf7e0bb8-a81c-44a9-ad79-d28d43991032": {
    "asset": 1668324410535,
    "meta": 1669120660283,
    "relativePath": "resources\\materials\\builtin-clear-stencil.mtl"
  },
  "2a296057-247c-4a1c-bbeb-0548b6c98650": {
    "asset": 1668324410537,
    "meta": 1669120660286,
    "relativePath": "resources\\materials\\builtin-unlit.mtl"
  },
  "b8223619-7e38-47c4-841f-9160c232495a": {
    "asset": 1668324410428,
    "meta": 1669120660288,
    "relativePath": "obsolete\\atom.plist"
  },
  "b2687ac4-099e-403c-a192-ff477686f4f5": {
    "asset": 1668324410433,
    "meta": 1669120660289,
    "relativePath": "particle\\atom.plist"
  },
  "954fec8b-cd16-4bb9-a3b7-7719660e7558": {
    "asset": 1668324410425,
    "meta": 1669120660296,
    "relativePath": "model\\primitives.fbx"
  },
  "8610fd63-5ac7-4f1d-ba10-70b71f90524c": {
    "asset": 1669120685046,
    "meta": 1669125413824,
    "relativePath": "resources\\switch\\switch1.png"
  },
  "44efe160-3a30-4e87-af15-b7f17432e859": {
    "asset": 1669124403000,
    "meta": 1669125552862,
    "relativePath": "resources\\switch\\switch2.png"
  },
  "600dcc0c-1df9-4edc-9891-0c7076a1b041": {
    "asset": 1669125175576,
    "meta": 1669125306741,
    "relativePath": "resources\\switch\\switch0.png"
  },
  "6f66c179-64c8-4185-92da-3a4fd86f039c": {
    "asset": 1669133539017,
    "meta": 1669184730193,
    "relativePath": "resources\\closet"
  },
  "47f6821a-069c-463f-8e98-183fe7854d52": {
    "asset": 1669129110172,
    "meta": 1669129989507,
    "relativePath": "resources\\closet\\1.png"
  },
  "8ab5b378-01a1-42fb-ae07-8f338f832670": {
    "asset": 1669129110172,
    "meta": 1669130026564,
    "relativePath": "resources\\closet\\5.png"
  },
  "5a4445b6-80f8-4db5-bb2e-a53a12242ac6": {
    "asset": 1669129110172,
    "meta": 1669130049220,
    "relativePath": "resources\\closet\\8.png"
  },
  "294ac918-127d-45dd-a1c9-79858e7e572f": {
    "asset": 1669129110172,
    "meta": 1669130015845,
    "relativePath": "resources\\closet\\4.png"
  },
  "28cf7397-7ae4-4d6c-8045-0d6499f41ec2": {
    "asset": 1669129110173,
    "meta": 1669130062547,
    "relativePath": "resources\\closet\\9.png"
  },
  "85e9f37c-83a9-4f37-95b3-c36ff427f159": {
    "asset": 1669129110172,
    "meta": 1669129981361,
    "relativePath": "resources\\closet\\0.png"
  },
  "415960c8-2b0c-47d9-826d-23fff8a59b71": {
    "asset": 1669129110172,
    "meta": 1669130008844,
    "relativePath": "resources\\closet\\3.png"
  },
  "cbed2e99-3cfa-4eff-8510-fb6400d7eeda": {
    "asset": 1669129110172,
    "meta": 1669130000252,
    "relativePath": "resources\\closet\\2.png"
  },
  "15685126-fec2-49f4-820c-1f89078f65d3": {
    "asset": 1669129110172,
    "meta": 1669130041747,
    "relativePath": "resources\\closet\\7.png"
  },
  "d70d0e86-d7d5-4a37-8b8f-ec29d1a32307": {
    "asset": 1669129110172,
    "meta": 1669130034790,
    "relativePath": "resources\\closet\\6.png"
  },
  "53cd72e7-832b-4de0-8695-0572c430ebf8": {
    "asset": 1669129110174,
    "meta": 1669133539029,
    "relativePath": "resources\\closet\\open.png"
  },
  "853df721-0998-4baf-b8f9-312e5c0056e1": {
    "asset": 1669129110173,
    "meta": 1669133529945,
    "relativePath": "resources\\closet\\off.png"
  },
  "76dd1c94-193a-4f1b-a66a-9086eafb1b13": {
    "asset": 1669137088497,
    "meta": 1669137093976,
    "relativePath": "script\\closet.js"
  },
  "d7686507-4c90-4806-a3e5-c1df1583aab7": {
    "asset": 1669185549222,
    "meta": 1669185376600,
    "relativePath": "resources\\stairlock"
  },
  "562ec9d9-12c1-4107-9985-fe1937fd4250": {
    "asset": 1669185376584,
    "meta": 1669185526745,
    "relativePath": "resources\\stairlock\\18-按键3.png"
  },
  "536be836-2f3c-42f5-83bf-118cce607f7b": {
    "asset": 1669185376584,
    "meta": 1669185471310,
    "relativePath": "resources\\stairlock\\open.png"
  },
  "c97e9723-deda-41ef-bdc9-32ed8dd35cd8": {
    "asset": 1669185376584,
    "meta": 1669185549231,
    "relativePath": "resources\\stairlock\\18-按键1.png"
  },
  "7e713f8e-e2ba-402f-9b01-9608d9e530ed": {
    "asset": 1669185376584,
    "meta": 1669185376641,
    "relativePath": "resources\\stairlock\\18-按键5.png"
  },
  "7dfe3b98-1e0a-47d0-9c83-1684aee77462": {
    "asset": 1669185376584,
    "meta": 1669185376644,
    "relativePath": "resources\\stairlock\\18-按键7.png"
  },
  "56d31775-22b9-446a-964d-76bd9f8a2df0": {
    "asset": 1669185376584,
    "meta": 1669185376646,
    "relativePath": "resources\\stairlock\\18-按键8.png"
  },
  "dc4849d5-1f78-4186-9e88-ec9878f55325": {
    "asset": 1669185376584,
    "meta": 1669185376651,
    "relativePath": "resources\\stairlock\\18-密码锁（带数字）.png"
  },
  "485da3cc-c228-4f94-86dd-05149445f525": {
    "asset": 1669185376584,
    "meta": 1669185535348,
    "relativePath": "resources\\stairlock\\18-按键2.png"
  },
  "c814b546-e41f-4534-adbd-d43250add30b": {
    "asset": 1669185376584,
    "meta": 1669185376656,
    "relativePath": "resources\\stairlock\\18-按键6.png"
  },
  "42a87bee-76b6-4084-888e-c02aa8d3246b": {
    "asset": 1669185376584,
    "meta": 1669185517763,
    "relativePath": "resources\\stairlock\\18-按键4.png"
  },
  "3598a0c4-5e3d-4c00-91e0-06a3264129cd": {
    "asset": 1669185376587,
    "meta": 1669185376658,
    "relativePath": "resources\\stairlock\\18-按键9.png"
  },
  "cd6b2184-98d6-4e8d-b932-b185c449d367": {
    "asset": 1669295889395,
    "meta": 1669295889398,
    "relativePath": "resources\\gate"
  },
  "0c9a8da1-cc56-4270-a69b-c0005d052385": {
    "asset": 1669295889381,
    "meta": 1669295889432,
    "relativePath": "resources\\gate\\19-按键-.png"
  },
  "7334d753-6dd0-4b20-aaf4-ebebb02ff3e2": {
    "asset": 1669295889380,
    "meta": 1669295889434,
    "relativePath": "resources\\gate\\19-按键÷.png"
  },
  "f140ff1e-0dd3-4593-bdf1-020cc72033b2": {
    "asset": 1669295889381,
    "meta": 1669295889436,
    "relativePath": "resources\\gate\\19-按键三角形.png"
  },
  "c06fefb0-aa37-489f-a823-767e5d559006": {
    "asset": 1669295889380,
    "meta": 1669295889439,
    "relativePath": "resources\\gate\\19-存放石头的装置（放上石头）.png"
  },
  "781aeef4-f408-4084-9247-f855ed2ed001": {
    "asset": 1669295889382,
    "meta": 1669295889442,
    "relativePath": "resources\\gate\\19-按键正方形.png"
  },
  "51b74586-6326-4ac5-bfa4-51484b798bc0": {
    "asset": 1669295889380,
    "meta": 1669295889448,
    "relativePath": "resources\\gate\\19-存放石头的装置（无按键图案）.png"
  },
  "4368a040-2147-46d4-867c-bb7c01374634": {
    "asset": 1669295889382,
    "meta": 1669295889450,
    "relativePath": "resources\\gate\\19-按键菱形.png"
  },
  "6a08d465-3525-48b3-bc0e-a0177ca6504a": {
    "asset": 1669295889380,
    "meta": 1669295889453,
    "relativePath": "resources\\gate\\19-存放石头的装置（未放石头）.png"
  },
  "b7346cc2-9b8c-4faa-b7e3-4013ad91edcf": {
    "asset": 1669295889381,
    "meta": 1669295889457,
    "relativePath": "resources\\gate\\19-按键×.png"
  },
  "07199199-277e-4bc4-97af-5d714cd259cd": {
    "asset": 1669295889380,
    "meta": 1669295889459,
    "relativePath": "resources\\gate\\19-按键+.png"
  },
  "011c44a5-8a7d-426d-89de-73f12654fef5": {
    "asset": 1669295889381,
    "meta": 1669295889460,
    "relativePath": "resources\\gate\\19-按键五角星.png"
  },
  "268a0fae-d0ef-4129-8bb9-0f226160d854": {
    "asset": 1669295889382,
    "meta": 1669295889461,
    "relativePath": "resources\\gate\\19-按键圆形.png"
  },
  "ed596027-9548-4bbe-b5f0-f0a7ab2a6e40": {
    "asset": 1669301180416,
    "meta": 1669301185288,
    "relativePath": "script\\gate.js"
  },
  "c640af1c-18ec-443a-89e3-1f1a86702ed3": {
    "asset": 1669301180434,
    "meta": 1669301185364,
    "relativePath": "script\\stairlock.js"
  },
  "efbe152f-d8eb-4007-9aeb-ae2ac465fa01": {
    "asset": 1669301180453,
    "meta": 1669301185453,
    "relativePath": "script\\switch.js"
  }
}