{
  "version": "1.1.1",
  "windows": {
    "main": {
      "main": true,
      "url": "app://editor/index.html",
      "windowType": "dockable",
      "x": 0,
      "y": 0,
      "width": 1536,
      "height": 824,
      "layout": {
        "type": "dock-h",
        "children": [
          {
            "width": 307.0500183105469,
            "height": 705.7000122070312,
            "type": "dock-v",
            "children": [
              {
                "width": 307.0500183105469,
                "height": 357.7250061035156,
                "type": "panel",
                "active": 0,
                "children": [
                  "hierarchy"
                ]
              },
              {
                "width": 307.0500183105469,
                "height": 344.9750061035156,
                "type": "panel",
                "active": 0,
                "children": [
                  "assets"
                ]
              }
            ]
          },
          {
            "width": 753.7374877929688,
            "height": 705.7000122070312,
            "type": "dock-v",
            "children": [
              {
                "width": 753.7374877929688,
                "height": 357.7250061035156,
                "type": "panel",
                "active": 0,
                "children": [
                  "scene"
                ]
              },
              {
                "width": 753.7374877929688,
                "height": 344.9750061035156,
                "type": "panel",
                "active": 0,
                "children": [
                  "console",
                  "timeline",
                  "game-window"
                ]
              }
            ]
          },
          {
            "width": 455.6125183105469,
            "height": 705.7000122070312,
            "type": "panel",
            "active": 0,
            "children": [
              "inspector",
              "cocos-services",
              "node-library"
            ]
          }
        ]
      },
      "panels": [
        "hierarchy",
        "assets",
        "scene",
        "console",
        "timeline",
        "game-window",
        "inspector",
        "cocos-services",
        "node-library"
      ]
    }
  },
  "panels": {
    "sprite-editor": {
      "x": 508,
      "y": 132,
      "width": 516,
      "height": 540
    }
  },
  "panelLabelWidth": {}
}
